market,link,price,name,date,datetime,stock
magi,/items/767884684,100,サンダー(R仕様) ,2023-01-13,2023-01-13 09:05:57,1
magi,/items/1160169829,100,サンダー(R仕様) ,2023-01-13,2023-01-13 09:05:57,1
magi,/items/1891119860,100,サンダー(R仕様) ,2023-01-13,2023-01-13 09:05:57,1
magi,/items/1241368500,100,サンダー(R仕様) ,2023-01-13,2023-01-13 09:05:57,1
magi,/items/1475228268,100,サンダー(R仕様) ,2023-01-13,2023-01-13 09:05:57,1
magi,/items/851668688,100,サンダー(R仕様) ,2023-01-13,2023-01-13 09:05:57,1
hareruya2,https://www.hareruya2.com/product/21021,50,サンダー(CP){雷,2023-01-13,2023-01-13 09:05:56,95
torecolo,/shop/g/g050-184-S8B-B/,44,【ポケカ】Ｒ◇サンダ,2023-01-13,2023-01-13 09:05:53,7
magi,/items/1475228268,100,サンダー(R仕様) ,2023-01-12,2023-01-12 11:47:22,1
magi,/items/767884684,100,サンダー(R仕様) ,2023-01-12,2023-01-12 11:47:22,1
magi,/items/1160169829,100,サンダー(R仕様) ,2023-01-12,2023-01-12 11:47:22,1
magi,/items/1891119860,100,サンダー(R仕様) ,2023-01-12,2023-01-12 11:47:22,1
magi,/items/1241368500,100,サンダー(R仕様) ,2023-01-12,2023-01-12 11:47:22,1
hareruya2,https://www.hareruya2.com/product/21021,50,サンダー(CP){雷,2023-01-12,2023-01-12 11:47:21,95
torecolo,/shop/g/g050-184-S8B-B/,44,【ポケカ】Ｒ◇サンダ,2023-01-12,2023-01-12 11:47:18,6
magi,/items/1891119860,100,サンダー(R仕様) ,2023-01-11,2023-01-11 09:03:34,1
magi,/items/1160169829,100,サンダー(R仕様) ,2023-01-11,2023-01-11 09:03:34,1
magi,/items/1241368500,100,サンダー(R仕様) ,2023-01-11,2023-01-11 09:03:34,1
magi,/items/1475228268,100,サンダー(R仕様) ,2023-01-11,2023-01-11 09:03:34,1
magi,/items/767884684,100,サンダー(R仕様) ,2023-01-11,2023-01-11 09:03:34,1
hareruya2,https://www.hareruya2.com/product/21021,50,サンダー(CP){雷,2023-01-11,2023-01-11 09:03:33,95
cardrush,https://www.cardrush-pokemon.jp/product/22691,50,サンダー050/18,2023-01-11,2023-01-11 09:03:32,28
torecolo,/shop/g/g050-184-S8B-B/,44,【ポケカ】Ｒ◇サンダ,2023-01-11,2023-01-11 09:03:29,6
magi,/items/1475228268,100,サンダー(R仕様) ,2023-01-10,2023-01-10 08:55:42,1
magi,/items/1891119860,100,サンダー(R仕様) ,2023-01-10,2023-01-10 08:55:42,1
magi,/items/767884684,100,サンダー(R仕様) ,2023-01-10,2023-01-10 08:55:42,1
magi,/items/1160169829,100,サンダー(R仕様) ,2023-01-10,2023-01-10 08:55:42,1
magi,/items/1241368500,100,サンダー(R仕様) ,2023-01-10,2023-01-10 08:55:42,1
hareruya2,https://www.hareruya2.com/product/21021,50,サンダー(CP){雷,2023-01-10,2023-01-10 08:55:41,95
cardrush,https://www.cardrush-pokemon.jp/product/22691,50,サンダー050/18,2023-01-10,2023-01-10 08:55:40,29
torecolo,/shop/g/g050-184-S8B-B/,44,【ポケカ】Ｒ◇サンダ,2023-01-10,2023-01-10 08:55:39,6
magi,/items/1241368500,100,サンダー(R仕様) ,2023-01-09,2023-01-09 08:55:36,1
magi,/items/1475228268,100,サンダー(R仕様) ,2023-01-09,2023-01-09 08:55:36,1
magi,/items/1160169829,100,サンダー(R仕様) ,2023-01-09,2023-01-09 08:55:36,1
magi,/items/767884684,100,サンダー(R仕様) ,2023-01-09,2023-01-09 08:55:36,1
magi,/items/1891119860,100,サンダー(R仕様) ,2023-01-09,2023-01-09 08:55:36,1
hareruya2,https://www.hareruya2.com/product/21021,50,サンダー(CP){雷,2023-01-09,2023-01-09 08:55:35,95
cardrush,https://www.cardrush-pokemon.jp/product/22691,50,サンダー050/18,2023-01-09,2023-01-09 08:55:34,30
torecolo,/shop/g/g050-184-S8B-B/,44,【ポケカ】Ｒ◇サンダ,2023-01-09,2023-01-09 08:55:32,6
magi,/items/1475228268,100,サンダー(R仕様) ,2023-01-08,2023-01-08 09:05:31,1
magi,/items/1160169829,100,サンダー(R仕様) ,2023-01-08,2023-01-08 09:05:31,1
magi,/items/1241368500,100,サンダー(R仕様) ,2023-01-08,2023-01-08 09:05:31,1
magi,/items/1891119860,100,サンダー(R仕様) ,2023-01-08,2023-01-08 09:05:31,1
magi,/items/767884684,100,サンダー(R仕様) ,2023-01-08,2023-01-08 09:05:31,1
hareruya2,https://www.hareruya2.com/product/21021,50,サンダー(CP){雷,2023-01-08,2023-01-08 09:05:30,95
cardrush,https://www.cardrush-pokemon.jp/product/22691,50,サンダー050/18,2023-01-08,2023-01-08 09:05:29,30
torecolo,/shop/g/g050-184-S8B-B/,44,【ポケカ】Ｒ◇サンダ,2023-01-08,2023-01-08 09:05:27,6
magi,/items/767884684,100,サンダー(R仕様) ,2023-01-07,2023-01-07 08:58:13,1
magi,/items/1475228268,100,サンダー(R仕様) ,2023-01-07,2023-01-07 08:58:13,1
magi,/items/1160169829,100,サンダー(R仕様) ,2023-01-07,2023-01-07 08:58:13,1
magi,/items/1241368500,100,サンダー(R仕様) ,2023-01-07,2023-01-07 08:58:13,1
magi,/items/1891119860,100,サンダー(R仕様) ,2023-01-07,2023-01-07 08:58:13,1
hareruya2,https://www.hareruya2.com/product/21021,50,サンダー(CP){雷,2023-01-07,2023-01-07 08:58:12,92
cardrush,https://www.cardrush-pokemon.jp/product/22691,50,サンダー050/18,2023-01-07,2023-01-07 08:58:11,30
torecolo,/shop/g/g050-184-S8B-B/,44,【ポケカ】Ｒ◇サンダ,2023-01-07,2023-01-07 08:58:08,6
magi,/items/1475228268,100,サンダー(R仕様) ,2023-01-06,2023-01-06 08:57:49,1
magi,/items/1891119860,100,サンダー(R仕様) ,2023-01-06,2023-01-06 08:57:49,1
magi,/items/1241368500,100,サンダー(R仕様) ,2023-01-06,2023-01-06 08:57:49,1
magi,/items/767884684,100,サンダー(R仕様) ,2023-01-06,2023-01-06 08:57:49,1
magi,/items/1160169829,100,サンダー(R仕様) ,2023-01-06,2023-01-06 08:57:49,1
hareruya2,https://www.hareruya2.com/product/21021,50,サンダー(CP){雷,2023-01-06,2023-01-06 08:57:48,92
cardrush,https://www.cardrush-pokemon.jp/product/22691,50,サンダー050/18,2023-01-06,2023-01-06 08:57:46,30
torecolo,/shop/g/g050-184-S8B-B/,44,【ポケカ】Ｒ◇サンダ,2023-01-06,2023-01-06 08:57:44,6
